,nodes,steps,airtemp,humidity,rainfall,landtemp
0,1,1,30.0,0.21613213,3.469447e-15,30.0
1,1,2,30.0,0.21766733,8.326673e-14,30.0
2,1,3,30.0,0.2271632,7.979728e-14,30.0
3,1,4,30.0,0.23202705,0.0,30.0
4,1,5,30.0,0.21808036,0.0,30.0
5,1,6,30.0,0.22191401,0.0,30.0
6,1,7,30.0,0.29589885,0.0,30.0
7,1,8,30.0,0.26046586,0.0,30.0
8,1,9,30.0,0.19090714,0.0,30.0
9,1,10,30.0,0.1672637,0.0,30.0
10,1,11,30.0,0.17871033,0.0,30.0
11,1,12,30.0,0.17059101,0.0,30.0
12,1,13,30.0,0.17422815,0.0,30.0
13,1,14,30.0,0.17683944,0.0,30.0
14,1,15,30.0,0.19142538,0.0,30.0
15,1,16,30.0,0.25137874,0.0,30.0
16,1,17,30.0,0.25860658,3.469447e-15,30.0
17,1,18,30.0,0.18856029,7.979728e-14,30.0
18,1,19,30.0,0.15649594,0.0,30.0
19,1,20,30.0,0.16976953,0.0,30.0
20,1,21,30.0,0.18080042,3.469447e-15,30.0
21,1,22,30.0,0.15629812,8.326673e-14,30.0
22,1,23,30.0,0.16870347,7.979728e-14,30.0
23,1,24,30.0,0.18023993,0.0,30.0
24,1,25,30.0,0.19428352,0.0,30.0
25,1,26,30.0,0.21998914,0.0,30.0
26,1,27,30.0,0.22397721,0.0,30.0
27,1,28,30.0,0.22318639,0.0,30.0
28,1,29,30.0,0.22052328,0.0034112998,30.0
29,1,30,30.0,0.16167812,3.469447e-15,30.0
30,1,31,30.0,0.18406427,7.979728e-14,30.0
31,1,32,30.0,0.20193844,0.0,30.0
32,1,33,30.0,0.29377446,0.0,30.0
33,1,34,30.0,0.29060858,0.0012692179,30.0
34,1,35,30.0,0.17479683,8.326673e-14,30.0
35,1,36,30.0,0.19168471,7.979728e-14,30.0
36,1,37,30.0,0.1859168,3.469447e-15,30.0
37,1,38,30.0,0.17817368,7.979728e-14,30.0
38,1,39,30.0,0.17996003,0.0,30.0
39,1,40,30.0,0.17446057,0.0,30.0
40,1,41,30.0,0.18281661,0.0,30.0
41,1,42,30.0,0.15445791,3.469447e-15,30.0
42,1,43,30.0,0.15074617,7.979728e-14,30.0
43,1,44,30.0,0.16679779,0.0,30.0
44,1,45,30.0,0.16965778,3.469447e-15,30.0
45,1,46,30.0,0.16560252,7.979728e-14,30.0
46,1,47,30.0,0.17545994,0.0,30.0
47,1,48,30.0,0.18285085,0.0,30.0
48,1,49,30.0,0.29685998,3.469447e-15,30.0
49,1,50,30.0,0.42831215,0.3156331,30.0
50,1,51,30.0,0.48517105,0.43279707,30.0
51,1,52,30.0,0.5547264,1.2969826,30.0
52,1,53,30.0,0.4597499,0.43896627,30.0
53,1,54,30.0,0.5308356,16.588444,30.0
54,1,55,30.0,0.8494587,13.996229,30.0
55,1,56,30.0,0.6989371,0.1022989,30.0
56,1,57,30.0,0.67390686,0.15215352,30.0
57,1,58,30.0,0.6016725,0.19541337,30.0
58,1,59,30.0,0.6055809,0.05008914,30.0
59,1,60,30.0,0.5249375,0.005499828,30.0
60,1,61,30.0,0.48617357,7.979728e-14,30.0
61,1,62,30.0,0.42284456,0.0,30.0
62,1,63,30.0,0.44590986,0.0,30.0
63,1,64,30.0,0.46024692,0.0,30.0
64,1,65,30.0,0.45803404,0.0,30.0
65,1,66,30.0,0.5076049,0.59517026,30.0
66,1,67,30.0,0.5374731,1.0169235,30.0
67,1,68,30.0,0.45374194,0.00538722,30.0
68,1,69,30.0,0.500616,0.0,30.0
69,1,70,30.0,0.4479514,0.0,30.0
70,1,71,30.0,0.53382146,1.3268507,30.0
71,1,72,30.0,0.5524372,2.932607,30.0
72,1,73,30.0,0.51818943,0.00084746955,30.0
73,1,74,30.0,0.59822375,3.8787334,30.0
74,1,75,30.0,0.6448523,1.6027803,30.0
75,1,76,30.0,0.6382908,3.5305743,30.0
76,1,77,30.0,0.57973224,0.14556679,30.0
77,1,78,30.0,0.5148729,0.007854247,30.0
78,1,79,30.0,0.57606816,1.6216017,30.0
79,1,80,30.0,0.64099514,2.6426432,30.0
80,1,81,30.0,0.6158218,0.17015132,30.0
81,1,82,30.0,0.51435,0.39508048,30.0
82,1,83,30.0,0.4149538,0.0,30.0
83,1,84,30.0,0.17626297,0.0,30.0
84,1,85,30.0,0.22464082,3.469447e-15,30.0
85,1,86,30.0,0.23892446,7.979728e-14,30.0
86,1,87,30.0,0.42728382,0.0,30.0
87,1,88,30.0,0.50053346,0.1323333,30.0
88,1,89,30.0,0.56262594,4.888552,30.0
89,1,90,30.0,0.68594617,20.670916,30.0
90,1,91,30.0,0.46537414,0.0,30.0
91,1,92,30.0,0.5046812,0.0,30.0
92,1,93,30.0,0.5937492,0.70153356,30.0
93,1,94,30.0,0.60256785,3.4606183,30.0
94,1,95,30.0,0.6226923,1.4371084,30.0
95,1,96,30.0,0.53590906,0.15054667,30.0
96,1,97,30.0,0.6256611,5.6799808,30.0
97,1,98,30.0,0.68432474,7.8882065,30.0
98,1,99,30.0,0.6338753,0.12071213,30.0
99,1,100,30.0,0.6571174,0.79001284,30.0
100,1,101,30.0,0.67261696,11.845864,30.0
101,1,102,30.0,0.6323876,0.45315534,30.0
102,1,103,30.0,0.6338155,1.8165945,30.0
103,1,104,30.0,0.67949367,3.1929514,30.0
104,1,105,30.0,0.65430874,0.44061118,30.0
105,1,106,30.0,0.5680458,0.006162902,30.0
106,1,107,30.0,0.5413708,0.00066161854,30.0
107,1,108,30.0,0.5944395,3.1674955,30.0
108,1,109,30.0,0.6409642,1.6975294,30.0
109,1,110,30.0,0.66481966,6.639889,30.0
110,1,111,30.0,0.6079658,0.12564917,30.0
111,1,112,30.0,0.55628127,3.469447e-15,30.0
112,1,113,30.0,0.56964403,0.29274365,30.0
113,1,114,30.0,0.5460045,0.004899796,30.0
114,1,115,30.0,0.62802476,1.7504661,30.0
115,1,116,30.0,0.7014747,6.4178567,30.0
116,1,117,30.0,0.6155625,0.28381526,30.0
117,1,118,30.0,0.6624199,4.1261415,30.0
118,1,119,30.0,0.6441569,2.1647246,30.0
119,1,120,30.0,0.64642566,0.2785675,30.0
120,1,121,30.0,0.6263107,6.7818866,30.0
121,1,122,30.0,0.638205,0.0,30.0
122,1,123,30.0,0.6348441,0.024315005,30.0
123,1,124,30.0,0.6328609,0.3862141,30.0
124,1,125,30.0,0.61806387,14.603277,30.0
125,1,126,30.0,0.704376,2.0887816,30.0
126,1,127,30.0,0.65602666,3.469447e-15,30.0
127,1,128,30.0,0.60325474,0.22144996,30.0
128,1,129,30.0,0.6271448,0.14701946,30.0
129,1,130,30.0,0.7125917,15.047277,30.0
130,1,131,30.0,0.74553734,1.4562135,30.0
131,1,132,30.0,0.7406066,1.5447375,30.0
132,1,133,30.0,0.68454635,2.839322,30.0
133,1,134,30.0,0.65696394,0.65593493,30.0
134,1,135,30.0,0.67958003,0.8934927,30.0
135,1,136,30.0,0.6879375,3.3624742,30.0
136,1,137,30.0,0.72693,0.05667002,30.0
137,1,138,30.0,0.6979061,0.29674536,30.0
138,1,139,30.0,0.6675626,0.7917923,30.0
139,1,140,30.0,0.65321213,0.16898248,30.0
140,1,141,30.0,0.68878335,0.04960489,30.0
141,1,142,30.0,0.636459,1.6377009,30.0
142,1,143,30.0,0.7018073,0.2857044,30.0
143,1,144,30.0,0.6538147,0.3909145,30.0
144,1,145,30.0,0.652634,0.3612649,30.0
145,1,146,30.0,0.7403421,5.5050807,30.0
146,1,147,30.0,0.7402044,1.6190987,30.0
147,1,148,30.0,0.79363126,0.73440564,30.0
148,1,149,30.0,0.7000369,0.473891,30.0
149,1,150,30.0,0.6845436,2.7987964,30.0
150,1,151,30.0,0.6880563,0.4561137,30.0
151,1,152,30.0,0.79301786,3.479065,30.0
152,1,153,30.0,0.7735762,3.7763941,30.0
153,1,154,30.0,0.74293053,1.4669837,30.0
154,1,155,30.0,0.7690177,6.066047,30.0
155,1,156,30.0,0.73294944,0.49963242,30.0
156,1,157,30.0,0.79808134,0.4176589,30.0
157,1,158,30.0,0.729163,0.40369636,30.0
158,1,159,30.0,0.6811592,0.15056883,30.0
159,1,160,30.0,0.6903888,1.0971267,30.0
160,1,161,30.0,0.7672311,12.267239,30.0
161,1,162,30.0,0.7948073,2.1835759,30.0
162,1,163,30.0,0.7738336,0.896405,30.0
163,1,164,30.0,0.71067286,0.28713158,30.0
164,1,165,30.0,0.7355622,5.9993405,30.0
165,1,166,30.0,0.7062578,2.883761,30.0
166,1,167,30.0,0.7328952,3.2906613,30.0
167,1,168,30.0,0.77963394,5.607795,30.0
168,1,169,30.0,0.790888,32.51912,30.0
169,1,170,30.0,0.7531859,9.977268,30.0
170,1,171,30.0,0.70554477,0.43878254,30.0
171,1,172,30.0,0.76097476,31.492874,30.0
172,1,173,30.0,0.7900515,7.4257207,30.0
173,1,174,30.0,0.7970635,4.0561113,30.0
174,1,175,30.0,0.8579356,10.21856,30.0
175,1,176,30.0,0.82846713,4.5892015,30.0
176,1,177,30.0,0.7988856,14.750917,30.0
177,1,178,30.0,0.8579235,2.04563,30.0
178,1,179,30.0,0.8419447,0.45920414,30.0
179,1,180,30.0,0.8111038,6.8172626,30.0
180,1,181,30.0,0.85261065,4.952853,30.0
181,1,182,30.0,0.8641993,19.878405,30.0
182,1,183,30.0,0.85419434,4.4105077,30.0
183,1,184,30.0,0.8349742,7.751976,30.0
184,1,185,30.0,0.82752895,1.3764007,30.0
185,1,186,30.0,0.83650464,2.02238,30.0
186,1,187,30.0,0.86670494,7.1071973,30.0
187,1,188,30.0,0.8153974,3.4672322,30.0
188,1,189,30.0,0.8527648,6.7659082,30.0
189,1,190,30.0,0.7964493,7.9453545,30.0
190,1,191,30.0,0.81814724,0.7779022,30.0
191,1,192,30.0,0.8320198,10.310271,30.0
192,1,193,30.0,0.8199585,5.915808,30.0
193,1,194,30.0,0.8049422,0.4104282,30.0
194,1,195,30.0,0.78302974,0.49259254,30.0
195,1,196,30.0,0.80884707,0.7834656,30.0
196,1,197,30.0,0.83002955,8.780679,30.0
197,1,198,30.0,0.8545236,12.277102,30.0
198,1,199,30.0,0.85820794,8.18308,30.0
199,1,200,30.0,0.819992,0.48279187,30.0
200,1,201,30.0,0.8520747,3.4941895,30.0
201,1,202,30.0,0.86085707,50.98831,30.0
202,1,203,30.0,0.84361786,1.5203723,30.0
203,1,204,30.0,0.79646134,2.6035304,30.0
204,1,205,30.0,0.81899387,11.179927,30.0
205,1,206,30.0,0.9084354,25.132122,30.0
206,1,207,30.0,0.88695854,11.134936,30.0
207,1,208,30.0,0.8459048,4.773143,30.0
208,1,209,30.0,0.84474957,7.7820888,30.0
209,1,210,30.0,0.8328704,6.8309712,30.0
210,1,211,30.0,0.8745305,8.319059,30.0
211,1,212,30.0,0.7983553,1.11027,30.0
212,1,213,30.0,0.7735319,0.51877254,30.0
213,1,214,30.0,0.7967925,1.2293695,30.0
214,1,215,30.0,0.8638517,4.6422334,30.0
215,1,216,30.0,0.85042405,4.288304,30.0
216,1,217,30.0,0.8179469,0.9605051,30.0
217,1,218,30.0,0.8126026,4.162253,30.0
218,1,219,30.0,0.88782245,11.889883,30.0
219,1,220,30.0,0.8535195,7.8811164,30.0
220,1,221,30.0,0.8273111,5.5367837,30.0
221,1,222,30.0,0.81551415,10.87126,30.0
222,1,223,30.0,0.83491695,11.748892,30.0
223,1,224,30.0,0.7848569,1.1395774,30.0
224,1,225,30.0,0.87210584,9.64677,30.0
225,1,226,30.0,0.879835,71.207695,30.0
226,1,227,30.0,0.817143,3.5874968,30.0
227,1,228,30.0,0.825618,3.7990253,30.0
228,1,229,30.0,0.84922546,8.9797325,30.0
229,1,230,30.0,0.85508376,19.376291,30.0
230,1,231,30.0,0.83567303,18.524454,30.0
231,1,232,30.0,0.80817467,6.748901,30.0
232,1,233,30.0,0.85565376,6.288279,30.0
233,1,234,30.0,0.8672899,8.23558,30.0
234,1,235,30.0,0.82195204,3.0389175,30.0
235,1,236,30.0,0.8421998,3.0985923,30.0
236,1,237,30.0,0.8935416,36.476963,30.0
237,1,238,30.0,0.87741345,8.979643,30.0
238,1,239,30.0,0.85717285,4.8824835,30.0
239,1,240,30.0,0.85686255,5.6569247,30.0
240,1,241,30.0,0.88197684,5.1064067,30.0
241,1,242,30.0,0.8635605,4.3712997,30.0
242,1,243,30.0,0.90169454,22.848677,30.0
243,1,244,30.0,0.8843762,21.534956,30.0
244,1,245,30.0,0.8878175,3.9634023,30.0
245,1,246,30.0,0.8632513,4.8346148,30.0
246,1,247,30.0,0.9000093,11.609909,30.0
247,1,248,30.0,0.8590585,5.679391,30.0
248,1,249,30.0,0.8604906,1.2901094,30.0
249,1,250,30.0,0.8433444,8.079074,30.0
250,1,251,30.0,0.85888255,2.6661704,30.0
251,1,252,30.0,0.8374148,2.7497714,30.0
252,1,253,30.0,0.8438975,6.8616133,30.0
253,1,254,30.0,0.9120117,6.8634,30.0
254,1,255,30.0,0.8764019,9.791783,30.0
255,1,256,30.0,0.80199724,1.0514863,30.0
256,1,257,30.0,0.83799356,1.3066232,30.0
257,1,258,30.0,0.7872845,1.4701748,30.0
258,1,259,30.0,0.85121304,12.454979,30.0
259,1,260,30.0,0.84627014,2.7876575,30.0
260,1,261,30.0,0.811845,2.8441324,30.0
261,1,262,30.0,0.8169688,1.8045627,30.0
262,1,263,30.0,0.7991645,1.808703,30.0
263,1,264,30.0,0.8379124,14.699186,30.0
264,1,265,30.0,0.87685406,10.536988,30.0
265,1,266,30.0,0.8291081,0.9476858,30.0
266,1,267,30.0,0.8053062,0.06664148,30.0
267,1,268,30.0,0.8420524,2.0830274,30.0
268,1,269,30.0,0.83176523,4.641751,30.0
269,1,270,30.0,0.8144951,0.5691118,30.0
270,1,271,30.0,0.80948967,4.456025,30.0
271,1,272,30.0,0.78360546,2.318828,30.0
272,1,273,30.0,0.86901504,11.027624,30.0
273,1,274,30.0,0.8387465,0.7789077,30.0
274,1,275,30.0,0.8234767,8.796912,30.0
275,1,276,30.0,0.8068784,1.162183,30.0
276,1,277,30.0,0.809697,2.4764616,30.0
277,1,278,30.0,0.84280956,2.3032055,30.0
278,1,279,30.0,0.86420757,8.113349,30.0
279,1,280,30.0,0.8070054,0.3858722,30.0
280,1,281,30.0,0.87157416,3.8442435,30.0
281,1,282,30.0,0.80877936,0.57015896,30.0
282,1,283,30.0,0.7965882,0.6897662,30.0
283,1,284,30.0,0.82392454,2.1390138,30.0
284,1,285,30.0,0.7949116,1.6109651,30.0
285,1,286,30.0,0.7801315,0.6317211,30.0
286,1,287,30.0,0.802222,3.6083517,30.0
287,1,288,30.0,0.8174991,3.5378463,30.0
288,1,289,30.0,0.7880465,2.090896,30.0
289,1,290,30.0,0.8061638,2.0662992,30.0
290,1,291,30.0,0.7473425,0.19422492,30.0
291,1,292,30.0,0.7851237,0.11179267,30.0
292,1,293,30.0,0.7650152,0.14042717,30.0
293,1,294,30.0,0.7453757,0.020607851,30.0
294,1,295,30.0,0.70474946,0.0,30.0
295,1,296,30.0,0.71601146,0.0,30.0
296,1,297,30.0,0.73414755,0.0,30.0
297,1,298,30.0,0.7829786,0.0,30.0
298,1,299,30.0,0.7255704,0.0,30.0
299,1,300,30.0,0.7510437,1.0200857,30.0
300,1,301,30.0,0.8262253,9.624139,30.0
301,1,302,30.0,0.8380583,4.037228,30.0
302,1,303,30.0,0.78386295,0.7404202,30.0
303,1,304,30.0,0.7582131,0.18737777,30.0
304,1,305,30.0,0.7019806,0.029107258,30.0
305,1,306,30.0,0.7115628,0.029994441,30.0
306,1,307,30.0,0.7310357,0.5843226,30.0
307,1,308,30.0,0.72636384,0.1460182,30.0
308,1,309,30.0,0.76412237,0.4270838,30.0
309,1,310,30.0,0.6981343,2.0193985,30.0
310,1,311,30.0,0.684412,0.11684856,30.0
311,1,312,30.0,0.7001536,0.10882426,30.0
312,1,313,30.0,0.61863196,0.0,30.0
313,1,314,30.0,0.5636832,3.469447e-15,30.0
314,1,315,30.0,0.6213998,0.014268486,30.0
315,1,316,30.0,0.5405701,0.0,30.0
316,1,317,30.0,0.5589264,0.0,30.0
317,1,318,30.0,0.55494285,3.469447e-15,30.0
318,1,319,30.0,0.5624951,8.326673e-14,30.0
319,1,320,30.0,0.54675084,7.979728e-14,30.0
320,1,321,30.0,0.61839426,0.033700723,30.0
321,1,322,30.0,0.6703236,0.36567718,30.0
322,1,323,30.0,0.6816973,4.961385,30.0
323,1,324,30.0,0.65998465,4.1633363e-14,30.0
324,1,325,30.0,0.48545596,0.0009383941,30.0
325,1,326,30.0,0.45321894,7.979728e-14,30.0
326,1,327,30.0,0.50915563,3.469447e-15,30.0
327,1,328,30.0,0.49030387,7.979728e-14,30.0
328,1,329,30.0,0.4286602,0.0,30.0
329,1,330,30.0,0.39051366,0.0,30.0
330,1,331,30.0,0.4819287,3.469447e-15,30.0
331,1,332,30.0,0.4265341,7.979728e-14,30.0
332,1,333,30.0,0.35905394,0.0,30.0
333,1,334,30.0,0.31016102,0.0,30.0
334,1,335,30.0,0.35592958,3.469447e-15,30.0
335,1,336,30.0,0.37738597,8.326673e-14,30.0
336,1,337,30.0,0.3233648,7.979728e-14,30.0
337,1,338,30.0,0.3383919,0.0,30.0
338,1,339,30.0,0.34403723,0.0,30.0
339,1,340,30.0,0.2869712,0.0,30.0
340,1,341,30.0,0.28538886,0.0,30.0
341,1,342,30.0,0.29177,0.0,30.0
342,1,343,30.0,0.31201354,0.0,30.0
343,1,344,30.0,0.35343447,0.0,30.0
344,1,345,30.0,0.34378508,0.0,30.0
345,1,346,30.0,0.31924778,0.0,30.0
346,1,347,30.0,0.29288927,0.0,30.0
347,1,348,30.0,0.25803944,0.0,30.0
348,1,349,30.0,0.27071717,0.0,30.0
349,1,350,30.0,0.27128455,0.0,30.0
350,1,351,30.0,0.28748408,3.469447e-15,30.0
351,1,352,30.0,0.32567126,7.979728e-14,30.0
352,1,353,30.0,0.29378328,0.0,30.0
353,1,354,30.0,0.3053048,0.0,30.0
354,1,355,30.0,0.30964184,3.469447e-15,30.0
355,1,356,30.0,0.28103667,8.326673e-14,30.0
356,1,357,30.0,0.2644984,7.979728e-14,30.0
357,1,358,30.0,0.2381889,0.0,30.0
358,1,359,30.0,0.25967473,0.0,30.0
359,1,360,30.0,0.25483543,0.0,30.0
360,1,361,30.0,0.24099924,3.469447e-15,30.0
361,1,362,30.0,0.24086006,7.979728e-14,30.0
362,1,363,30.0,0.278014,0.0,30.0
363,1,364,30.0,0.28484923,0.0,30.0
364,1,365,30.0,0.24228692,0.0,30.0
365,1,366,30.0,0.22705373,3.469447e-15,30.0
366,1,367,30.0,0.25307116,7.979728e-14,30.0
367,1,368,30.0,0.27389565,0.0,30.0
368,1,369,30.0,0.25225076,0.0,30.0
369,1,370,30.0,0.21800627,3.469447e-15,30.0
370,1,371,30.0,0.23894858,7.979728e-14,30.0
371,1,372,30.0,0.2497848,0.0,30.0
372,1,373,30.0,0.21984187,0.0,30.0
373,1,374,30.0,0.22797188,0.0,30.0
374,1,375,30.0,0.255368,0.0,30.0
375,1,376,30.0,0.26598746,0.0,30.0
376,1,377,30.0,0.19672814,0.0,30.0
377,1,378,30.0,0.1958156,1.7347235e-15,30.0
378,1,379,30.0,0.21891434,3.989864e-14,30.0
379,1,380,30.0,0.23657183,0.0,30.0
380,1,381,30.0,0.24344811,0.0,30.0
381,1,382,30.0,0.2898122,0.0,30.0
382,1,383,30.0,0.44477418,0.0114099225,30.0
383,1,384,30.0,0.42093068,0.3950612,30.0
384,1,385,30.0,0.16202186,0.0,30.0
385,1,386,30.0,0.17604451,0.0,30.0
386,1,387,30.0,0.1926879,0.0,30.0
387,1,388,30.0,0.17838122,0.0,30.0
388,1,389,30.0,0.22206491,0.0,30.0
389,1,390,30.0,0.23153889,0.0,30.0
390,1,391,30.0,0.20425656,3.469447e-15,30.0
391,1,392,30.0,0.19922476,7.979728e-14,30.0
392,1,393,30.0,0.17446692,0.0,30.0
393,1,394,30.0,0.20788038,0.0,30.0
394,1,395,30.0,0.18321054,0.0,30.0
395,1,396,30.0,0.26549762,0.0,30.0
396,1,397,30.0,0.2729115,0.0,30.0
397,1,398,30.0,0.45791888,0.81855017,30.0
398,1,399,30.0,0.499101,0.012178765,30.0
399,1,400,30.0,0.44593024,3.469447e-15,30.0
400,1,401,30.0,0.3857282,8.326673e-14,30.0
401,1,402,30.0,0.18160701,7.979728e-14,30.0
402,1,403,30.0,0.1710118,3.469447e-15,30.0
403,1,404,30.0,0.20085073,7.979728e-14,30.0
404,1,405,30.0,0.15824616,3.469447e-15,30.0
405,1,406,30.0,0.14933355,7.979728e-14,30.0
406,1,407,30.0,0.17379028,0.0,30.0
407,1,408,30.0,0.1502395,0.0,30.0
408,1,409,30.0,0.15458845,3.469447e-15,30.0
409,1,410,30.0,0.16930394,7.979728e-14,30.0
410,1,411,30.0,0.17441449,0.0,30.0
411,1,412,30.0,0.1641401,0.0,30.0
412,1,413,30.0,0.19362533,0.0,30.0
413,1,414,30.0,0.23077998,0.0,30.0
414,1,415,30.0,0.36734787,0.0,30.0
415,1,416,30.0,0.41186607,3.469447e-15,30.0
416,1,417,30.0,0.2478457,7.979728e-14,30.0
417,1,418,30.0,0.17432484,0.0,30.0
418,1,419,30.0,0.15639879,0.0,30.0
419,1,420,30.0,0.15028614,0.0,30.0
420,1,421,30.0,0.16215707,0.0,30.0
421,1,422,30.0,0.15088922,0.0,30.0
422,1,423,30.0,0.14047366,0.0,30.0
423,1,424,30.0,0.11973842,0.0,30.0
424,1,425,30.0,0.15844244,0.0,30.0
425,1,426,30.0,0.13686551,0.0,30.0
426,1,427,30.0,0.1597743,0.0,30.0
427,1,428,30.0,0.17952701,0.0,30.0
428,1,429,30.0,0.18763067,0.0,30.0
429,1,430,30.0,0.19048245,0.0,30.0
430,1,431,30.0,0.31169492,0.0,30.0
431,1,432,30.0,0.4246764,0.07130718,30.0
432,1,433,30.0,0.5100464,0.24764523,30.0
433,1,434,30.0,0.4235332,1.1060573,30.0
434,1,435,30.0,0.288811,0.13257506,30.0
435,1,436,30.0,0.13230187,3.469447e-15,30.0
436,1,437,30.0,0.14387593,7.979728e-14,30.0
437,1,438,30.0,0.17267366,0.0,30.0
438,1,439,30.0,0.30478635,0.0,30.0
439,1,440,30.0,0.45601454,1.6866868,30.0
440,1,441,30.0,0.5535819,5.4313717,30.0
441,1,442,30.0,0.47108346,0.37037057,30.0
442,1,443,30.0,0.46377844,2.117934,30.0
443,1,444,30.0,0.51739585,1.3123922,30.0
444,1,445,30.0,0.48738208,2.1406515,30.0
445,1,446,30.0,0.41325194,0.0,30.0
446,1,447,30.0,0.3162221,0.0,30.0
447,1,448,30.0,0.24084829,0.0,30.0
448,1,449,30.0,0.45697957,1.9292783,30.0
449,1,450,30.0,0.5297238,2.1391668,30.0
450,1,451,30.0,0.6313299,1.944182,30.0
451,1,452,30.0,0.44870925,0.013050202,30.0
452,1,453,30.0,0.45971382,0.028782737,30.0
453,1,454,30.0,0.5119107,1.2444711,30.0
454,1,455,30.0,0.533639,0.16896097,30.0
455,1,456,30.0,0.56785905,1.3272563,30.0
456,1,457,30.0,0.4813937,0.4689629,30.0
457,1,458,30.0,0.53652364,2.7550123,30.0
458,1,459,30.0,0.48828003,0.009220399,30.0
459,1,460,30.0,0.63754255,3.5949912,30.0
460,1,461,30.0,0.54267716,0.00826543,30.0
461,1,462,30.0,0.53151274,0.29624778,30.0
462,1,463,30.0,0.478016,0.0,30.0
463,1,464,30.0,0.36544135,0.008289034,30.0
464,1,465,30.0,0.4358548,0.021727616,30.0
465,1,466,30.0,0.47507408,0.1298064,30.0
466,1,467,30.0,0.49484485,0.11203025,30.0
467,1,468,30.0,0.5569059,2.7908487,30.0
468,1,469,30.0,0.41222483,0.04345488,30.0
469,1,470,30.0,0.4258717,0.0,30.0
470,1,471,30.0,0.4907177,2.362789,30.0
471,1,472,30.0,0.533056,0.46854436,30.0
472,1,473,30.0,0.5218661,0.42023635,30.0
473,1,474,30.0,0.5741533,2.6742802,30.0
474,1,475,30.0,0.5891929,12.108478,30.0
475,1,476,30.0,0.68610483,10.468602,30.0
476,1,477,30.0,0.6137564,0.30868995,30.0
477,1,478,30.0,0.7012338,1.6114486,30.0
478,1,479,30.0,0.7635145,17.412004,30.0
479,1,480,30.0,0.68984234,1.766542,30.0
480,1,481,30.0,0.64228654,0.7181041,30.0
481,1,482,30.0,0.6442178,0.1313344,30.0
482,1,483,30.0,0.6628443,0.5226288,30.0
483,1,484,30.0,0.6518122,0.2802245,30.0
484,1,485,30.0,0.6613062,0.14698929,30.0
485,1,486,30.0,0.6508015,0.11133787,30.0
486,1,487,30.0,0.62322557,0.3588535,30.0
487,1,488,30.0,0.65150595,11.273257,30.0
488,1,489,30.0,0.77302974,2.770532,30.0
489,1,490,30.0,0.6410618,0.05670198,30.0
490,1,491,30.0,0.5707639,0.7673113,30.0
491,1,492,30.0,0.6518432,8.601826,30.0
492,1,493,30.0,0.6941961,0.002238769,30.0
493,1,494,30.0,0.6475551,0.0048746928,30.0
494,1,495,30.0,0.66039413,0.34817412,30.0
495,1,496,30.0,0.7113568,7.0574865,30.0
496,1,497,30.0,0.69523346,0.78247285,30.0
497,1,498,30.0,0.6986492,0.55185413,30.0
498,1,499,30.0,0.6190507,0.13063462,30.0
499,1,500,30.0,0.7215104,4.313843,30.0
500,1,501,30.0,0.7037732,3.7660675,30.0
501,1,502,30.0,0.6446383,0.4035163,30.0
502,1,503,30.0,0.67715144,0.46741098,30.0
503,1,504,30.0,0.66744787,7.792999,30.0
504,1,505,30.0,0.72631496,1.3464879,30.0
505,1,506,30.0,0.7125733,4.970289,30.0
506,1,507,30.0,0.694866,1.8282157,30.0
507,1,508,30.0,0.6804735,0.32479966,30.0
508,1,509,30.0,0.74000937,23.331617,30.0
509,1,510,30.0,0.794846,3.0307474,30.0
510,1,511,30.0,0.73153764,0.314191,30.0
511,1,512,30.0,0.7383259,4.838951,30.0
512,1,513,30.0,0.7398271,0.0134312175,30.0
513,1,514,30.0,0.7427109,0.67636627,30.0
514,1,515,30.0,0.72764546,2.2022586,30.0
515,1,516,30.0,0.76997596,3.2983522,30.0
516,1,517,30.0,0.8419094,4.6394224,30.0
517,1,518,30.0,0.7938204,2.3055933,30.0
518,1,519,30.0,0.73039484,1.3021343,30.0
519,1,520,30.0,0.7246308,0.674207,30.0
520,1,521,30.0,0.6938669,0.75000757,30.0
521,1,522,30.0,0.746635,0.11152516,30.0
522,1,523,30.0,0.8166191,0.023561269,30.0
523,1,524,30.0,0.7517196,0.570719,30.0
524,1,525,30.0,0.75626016,2.6586792,30.0
525,1,526,30.0,0.82079,2.8633215,30.0
526,1,527,30.0,0.78166217,1.1892471,30.0
527,1,528,30.0,0.7381557,0.5054861,30.0
528,1,529,30.0,0.78552556,1.0596138,30.0
529,1,530,30.0,0.7810786,11.498191,30.0
530,1,531,30.0,0.74310255,0.9457022,30.0
531,1,532,30.0,0.70695305,0.101834044,30.0
532,1,533,30.0,0.771061,0.34421024,30.0
533,1,534,30.0,0.6876911,0.047683336,30.0
534,1,535,30.0,0.7113037,0.015507595,30.0
535,1,536,30.0,0.6880973,0.959074,30.0
536,1,537,30.0,0.6953528,0.048542988,30.0
537,1,538,30.0,0.76449096,16.885378,30.0
538,1,539,30.0,0.80192024,0.81625384,30.0
539,1,540,30.0,0.75070804,3.9398842,30.0
540,1,541,30.0,0.81203926,0.75045973,30.0
541,1,542,30.0,0.7439795,0.021596119,30.0
542,1,543,30.0,0.7137857,0.36358747,30.0
543,1,544,30.0,0.74833477,1.3642244,30.0
544,1,545,30.0,0.79073054,7.0444183,30.0
545,1,546,30.0,0.76209927,9.582072,30.0
546,1,547,30.0,0.78163874,3.3060246,30.0
547,1,548,30.0,0.8118969,4.173156,30.0
548,1,549,30.0,0.76948744,0.36636412,30.0
549,1,550,30.0,0.8583284,5.332882,30.0
550,1,551,30.0,0.8429782,2.9489634,30.0
551,1,552,30.0,0.77938896,0.5216131,30.0
552,1,553,30.0,0.7821198,10.994086,30.0
553,1,554,30.0,0.79520756,5.229522,30.0
554,1,555,30.0,0.9297466,9.608926,30.0
555,1,556,30.0,0.8344451,1.4018579,30.0
556,1,557,30.0,0.78570265,4.3000445,30.0
557,1,558,30.0,0.8120556,5.637735,30.0
558,1,559,30.0,0.80262685,0.619614,30.0
559,1,560,30.0,0.80730236,5.204187,30.0
560,1,561,30.0,0.81478745,0.2938773,30.0
561,1,562,30.0,0.8336802,11.803051,30.0
562,1,563,30.0,0.8492611,13.7709465,30.0
563,1,564,30.0,0.822128,0.7767648,30.0
564,1,565,30.0,0.8555295,11.272593,30.0
565,1,566,30.0,0.8230223,8.376992,30.0
566,1,567,30.0,0.91416514,30.72908,30.0
567,1,568,30.0,0.8378776,1.4912478,30.0
568,1,569,30.0,0.8481335,7.697741,30.0
569,1,570,30.0,0.87084424,13.845698,30.0
570,1,571,30.0,0.84454817,4.793664,30.0
571,1,572,30.0,0.84758246,3.761469,30.0
572,1,573,30.0,0.8108818,2.5442932,30.0
573,1,574,30.0,0.82582706,0.90733916,30.0
574,1,575,30.0,0.8297971,7.987197,30.0
575,1,576,30.0,0.8588664,13.053942,30.0
576,1,577,30.0,0.81464267,2.544595,30.0
577,1,578,30.0,0.8271371,7.2563357,30.0
578,1,579,30.0,0.8308633,2.926159,30.0
579,1,580,30.0,0.8301456,0.73790634,30.0
580,1,581,30.0,0.80783397,1.5167722,30.0
581,1,582,30.0,0.82530063,2.3817112,30.0
582,1,583,30.0,0.84447306,2.958303,30.0
583,1,584,30.0,0.83518434,0.1444255,30.0
584,1,585,30.0,0.8877917,19.902351,30.0
585,1,586,30.0,0.8378239,1.7180116,30.0
586,1,587,30.0,0.8369137,0.9600172,30.0
587,1,588,30.0,0.80880386,3.8436549,30.0
588,1,589,30.0,0.80291086,2.782284,30.0
589,1,590,30.0,0.81555086,1.3598628,30.0
590,1,591,30.0,0.8308169,0.86522967,30.0
591,1,592,30.0,0.795187,0.91948694,30.0
592,1,593,30.0,0.81954336,4.5252953,30.0
593,1,594,30.0,0.83665895,17.420725,30.0
594,1,595,30.0,0.8226531,0.8127713,30.0
595,1,596,30.0,0.8150289,3.3473806,30.0
596,1,597,30.0,0.8535421,25.396847,30.0
597,1,598,30.0,0.8463558,2.8448548,30.0
598,1,599,30.0,0.8676955,8.741014,30.0
599,1,600,30.0,0.8798839,16.449707,30.0
600,1,601,30.0,0.9038113,43.59329,30.0
601,1,602,30.0,0.8073161,1.6678807,30.0
602,1,603,30.0,0.83753186,8.312097,30.0
603,1,604,30.0,0.82678026,8.474469,30.0
604,1,605,30.0,0.8694122,9.797885,30.0
605,1,606,30.0,0.87406766,12.20661,30.0
606,1,607,30.0,0.87073123,6.7030826,30.0
607,1,608,30.0,0.8167627,6.62966,30.0
608,1,609,30.0,0.8695678,8.836368,30.0
609,1,610,30.0,0.8502719,11.301966,30.0
610,1,611,30.0,0.8396154,1.5463293,30.0
611,1,612,30.0,0.8760317,2.878372,30.0
612,1,613,30.0,0.8413972,2.1964796,30.0
613,1,614,30.0,0.80004716,0.5016359,30.0
614,1,615,30.0,0.834279,6.3259172,30.0
615,1,616,30.0,0.8949297,11.339442,30.0
616,1,617,30.0,0.8742748,7.4250135,30.0
617,1,618,30.0,0.85548013,2.4857476,30.0
618,1,619,30.0,0.8165829,0.13867383,30.0
619,1,620,30.0,0.83541995,8.487679,30.0
620,1,621,30.0,0.8384327,3.3866396,30.0
621,1,622,30.0,0.81682754,11.576977,30.0
622,1,623,30.0,0.8577666,6.3437977,30.0
623,1,624,30.0,0.82303625,2.5440254,30.0
624,1,625,30.0,0.88893026,4.928408,30.0
625,1,626,30.0,0.8456679,0.93608177,30.0
626,1,627,30.0,0.85470533,3.8419333,30.0
627,1,628,30.0,0.8468321,4.9820576,30.0
628,1,629,30.0,0.8143109,4.6769247,30.0
629,1,630,30.0,0.8058386,0.6228843,30.0
630,1,631,30.0,0.8615042,7.227733,30.0
631,1,632,30.0,0.8753901,7.3301296,30.0
632,1,633,30.0,0.78175986,2.4368026,30.0
633,1,634,30.0,0.76269084,0.46585616,30.0
634,1,635,30.0,0.84585315,0.82505673,30.0
635,1,636,30.0,0.8329899,10.607233,30.0
636,1,637,30.0,0.7825241,0.23962747,30.0
637,1,638,30.0,0.80381185,7.462196,30.0
638,1,639,30.0,0.82249194,28.176609,30.0
639,1,640,30.0,0.85238737,3.7733846,30.0
640,1,641,30.0,0.81740546,1.7752662,30.0
641,1,642,30.0,0.82014304,4.960551,30.0
642,1,643,30.0,0.81632084,18.119041,30.0
643,1,644,30.0,0.87115747,9.992818,30.0
644,1,645,30.0,0.8281645,4.41574,30.0
645,1,646,30.0,0.88604265,12.05407,30.0
646,1,647,30.0,0.86193776,24.317871,30.0
647,1,648,30.0,0.8757188,10.410652,30.0
648,1,649,30.0,0.8690203,21.30454,30.0
649,1,650,30.0,0.88549536,10.295448,30.0
650,1,651,30.0,0.8851377,7.8235493,30.0
651,1,652,30.0,0.8080963,0.935122,30.0
652,1,653,30.0,0.8007154,1.6622341,30.0
653,1,654,30.0,0.7884709,0.5749704,30.0
654,1,655,30.0,0.78210944,0.62565297,30.0
655,1,656,30.0,0.75916326,1.409611,30.0
656,1,657,30.0,0.78423023,5.531121,30.0
657,1,658,30.0,0.8563172,3.8738003,30.0
658,1,659,30.0,0.88171875,7.269077,30.0
659,1,660,30.0,0.81319094,0.3347939,30.0
660,1,661,30.0,0.83861274,4.791461,30.0
661,1,662,30.0,0.81377673,0.67958754,30.0
662,1,663,30.0,0.77357036,0.002113093,30.0
663,1,664,30.0,0.75704145,2.0391972,30.0
664,1,665,30.0,0.8058277,1.3504647,30.0
665,1,666,30.0,0.80243933,4.616873,30.0
666,1,667,30.0,0.7455923,0.4403635,30.0
667,1,668,30.0,0.78018993,2.7316303,30.0
668,1,669,30.0,0.81789637,1.7207446,30.0
669,1,670,30.0,0.78380716,1.0573997,30.0
670,1,671,30.0,0.7743167,1.1092671,30.0
671,1,672,30.0,0.78690153,9.927976,30.0
672,1,673,30.0,0.7671987,0.09451337,30.0
673,1,674,30.0,0.7183715,0.0016948809,30.0
674,1,675,30.0,0.6955529,3.469447e-15,30.0
675,1,676,30.0,0.71766067,7.979728e-14,30.0
676,1,677,30.0,0.7334033,0.0,30.0
677,1,678,30.0,0.6737956,0.04208211,30.0
678,1,679,30.0,0.6666087,0.0,30.0
679,1,680,30.0,0.7010977,0.0008229048,30.0
680,1,681,30.0,0.7045198,0.26213366,30.0
681,1,682,30.0,0.6752683,0.074918956,30.0
682,1,683,30.0,0.65047556,0.03597596,30.0
683,1,684,30.0,0.5738719,6.938894e-15,30.0
684,1,685,30.0,0.572496,0.0042779935,30.0
685,1,686,30.0,0.55450535,0.0,30.0
686,1,687,30.0,0.55746675,0.0,30.0
687,1,688,30.0,0.5831927,0.0,30.0
688,1,689,30.0,0.5123165,0.0,30.0
689,1,690,30.0,0.4254087,0.0,30.0
690,1,691,30.0,0.55790395,3.469447e-15,30.0
691,1,692,30.0,0.509365,7.979728e-14,30.0
692,1,693,30.0,0.5406956,0.0011976775,30.0
693,1,694,30.0,0.5522199,0.010554609,30.0
694,1,695,30.0,0.5020436,7.979728e-14,30.0
695,1,696,30.0,0.45533577,0.0,30.0
696,1,697,30.0,0.48732206,0.0,30.0
697,1,698,30.0,0.37516153,0.0,30.0
698,1,699,30.0,0.28708246,0.0,30.0
699,1,700,30.0,0.30820477,0.0,30.0
700,1,701,30.0,0.40810308,0.0,30.0
701,1,702,30.0,0.43617183,0.0,30.0
702,1,703,30.0,0.43653056,3.469447e-15,30.0
703,1,704,30.0,0.35204294,7.979728e-14,30.0
704,1,705,30.0,0.44411594,0.0,30.0
705,1,706,30.0,0.47343254,0.0,30.0
706,1,707,30.0,0.3437981,0.0,30.0
707,1,708,30.0,0.35117236,0.0,30.0
708,1,709,30.0,0.35573283,0.0,30.0
709,1,710,30.0,0.316943,0.0,30.0
710,1,711,30.0,0.27648777,0.0,30.0
711,1,712,30.0,0.30935824,0.0,30.0
712,1,713,30.0,0.2545308,0.0,30.0
713,1,714,30.0,0.22581634,0.0,30.0
714,1,715,30.0,0.26321808,0.0,30.0
715,1,716,30.0,0.28365412,0.0,30.0
716,1,717,30.0,0.32228142,0.0,30.0
717,1,718,30.0,0.3248516,3.469447e-15,30.0
718,1,719,30.0,0.3243253,7.979728e-14,30.0
719,1,720,30.0,0.29316688,0.0,30.0
720,1,721,30.0,0.2710785,0.0,30.0
721,1,722,30.0,0.21957451,0.0,30.0
722,1,723,30.0,0.24926324,3.469447e-15,30.0
723,1,724,30.0,0.24305278,7.979728e-14,30.0
724,1,725,30.0,0.27685952,0.0,30.0
725,1,726,30.0,0.289675,0.0,30.0
726,1,727,30.0,0.31660128,0.0,30.0
727,1,728,30.0,0.29102808,6.938894e-15,30.0
728,1,729,30.0,0.24615195,1.63064e-13,30.0
729,1,730,30.0,0.24422239,7.979728e-14,30.0
